{"cameraMode":{"drawMode":0,"name":"Shaded","section":"Shading Mode"},"sceneLighting":true,"audioPlay":false,"sceneViewState":{"showFog":true,"showMaterialUpdate":false,"showSkybox":true,"showFlares":true,"showImageEffects":true,"showParticleSystems":true},"in2DMode":false,"pivot":{"x":-4.258190155029297,"y":2.4380455017089845,"z":0.7150709629058838},"rotation":{"x":-0.24059277772903443,"y":0.7066136002540588,"z":-0.2820744514465332,"w":-0.6026993989944458},"size":21.161645889282228,"orthographic":false}