{"cameraMode":{"drawMode":0,"name":"Shaded","section":"Shading Mode"},"sceneLighting":false,"audioPlay":false,"sceneViewState":{"showFog":true,"showMaterialUpdate":false,"showSkybox":true,"showFlares":true,"showImageEffects":true,"showParticleSystems":true},"in2DMode":false,"pivot":{"x":-14.263038635253907,"y":-101.13783264160156,"z":21.360084533691408},"rotation":{"x":0.29190361499786379,"y":-0.27028900384902956,"z":0.08635622262954712,"w":0.9134135842323303},"size":165.92117309570313,"orthographic":false}